Transaction ID,Date,Customer ID,Gender,Age,Product Category,Quantity,Price per Unit,Total Amount
1,24-11-2023,C1,Male,34,Beauty,3,50,150
2,27-02-2023,C2,Female,26,Clothing,2,500,1000
3,13-01-2023,C3,Male,50,Electronics,1,30,30
4,21-05-2023,C4,Male,37,Clothing,1,500,500
5,06-05-2023,C5,Male,30,Beauty,2,50,100
6,25-04-2023,C6,Female,45,Beauty,1,30,30
7,13-03-2023,C7,Male,46,Clothing,2,25,50
8,22-02-2023,C8,Male,30,Electronics,4,25,100
9,13-12-2023,C9,Male,63,Electronics,2,300,600
10,07-10-2023,C10,Female,52,Clothing,4,50,200
11,14-02-2023,C11,Male,23,Clothing,2,50,100
12,30-10-2023,C12,Male,35,Beauty,3,25,75
13,05-08-2023,C13,Male,22,Electronics,3,500,1500
14,17-01-2023,C14,Male,64,Clothing,4,30,120
15,16-01-2023,C15,Female,42,Electronics,4,500,2000
16,17-02-2023,C16,Male,19,Clothing,3,500,1500
17,22-04-2023,C17,Female,27,Clothing,4,25,100
18,30-04-2023,C18,Female,47,Electronics,2,25,50
19,16-09-2023,C19,Female,62,Clothing,2,25,50
20,05-11-2023,C20,Male,22,Clothing,3,300,900
21,14-01-2023,C21,Female,50,Beauty,1,500,500
22,15-10-2023,C22,Male,18,Clothing,2,50,100
23,12-04-2023,C23,Female,35,Clothing,4,30,120
24,29-11-2023,C24,Female,49,Clothing,1,300,300
25,26-12-2023,C25,Female,64,Beauty,1,50,50
26,07-10-2023,C26,Female,28,Electronics,2,500,1000
27,03-08-2023,C27,Female,38,Beauty,2,25,50
28,23-04-2023,C28,Female,43,Beauty,1,500,500
29,18-08-2023,C29,Female,42,Electronics,1,30,30
30,29-10-2023,C30,Female,39,Beauty,3,300,900
31,23-05-2023,C31,Male,44,Electronics,4,300,1200
32,04-01-2023,C32,Male,30,Beauty,3,30,90
33,23-03-2023,C33,Female,50,Electronics,2,50,100
34,24-12-2023,C34,Female,51,Clothing,3,50,150
35,05-08-2023,C35,Female,58,Beauty,3,300,900
36,24-06-2023,C36,Male,52,Beauty,3,300,900
37,23-05-2023,C37,Female,18,Beauty,3,25,75
38,21-03-2023,C38,Male,38,Beauty,4,50,200
39,21-04-2023,C39,Male,23,Clothing,4,30,120
40,22-06-2023,C40,Male,45,Beauty,1,50,50
41,22-02-2023,C41,Male,34,Clothing,2,25,50
42,17-02-2023,C42,Male,22,Clothing,3,300,900
43,14-07-2023,C43,Female,48,Clothing,1,300,300
44,19-02-2023,C44,Female,22,Clothing,1,25,25
45,03-07-2023,C45,Female,55,Electronics,1,30,30
46,26-06-2023,C46,Female,20,Electronics,4,300,1200
47,06-11-2023,C47,Female,40,Beauty,3,500,1500
48,16-05-2023,C48,Male,54,Electronics,3,300,900
49,23-01-2023,C49,Female,54,Electronics,2,500,1000
50,24-08-2023,C50,Female,27,Beauty,3,25,75
51,02-10-2023,C51,Male,27,Beauty,3,25,75
52,05-03-2023,C52,Female,36,Beauty,1,300,300
53,13-07-2023,C53,Male,34,Electronics,2,50,100
54,10-02-2023,C54,Female,38,Electronics,3,500,1500
55,10-10-2023,C55,Male,31,Beauty,4,30,120
56,31-05-2023,C56,Female,26,Clothing,3,300,900
57,18-11-2023,C57,Female,63,Beauty,1,30,30
58,13-11-2023,C58,Male,18,Clothing,4,300,1200
59,05-07-2023,C59,Male,62,Clothing,1,50,50
60,23-10-2023,C60,Male,30,Beauty,3,50,150
61,09-04-2023,C61,Male,21,Beauty,4,50,200
62,27-12-2023,C62,Male,18,Beauty,2,50,100
63,05-02-2023,C63,Male,57,Electronics,2,25,50
64,24-01-2023,C64,Male,49,Clothing,4,25,100
65,05-12-2023,C65,Male,51,Electronics,4,500,2000
66,27-04-2023,C66,Female,45,Electronics,1,30,30
67,29-05-2023,C67,Female,48,Beauty,4,300,1200
68,10-02-2023,C68,Male,25,Electronics,1,300,300
69,30-04-2023,C69,Female,56,Beauty,3,25,75
70,21-02-2023,C70,Female,43,Clothing,1,300,300
71,14-07-2023,C71,Female,51,Beauty,4,25,100
72,23-05-2023,C72,Female,20,Electronics,4,500,2000
73,21-08-2023,C73,Male,29,Electronics,3,30,90
74,22-11-2023,C74,Female,18,Beauty,4,500,2000
75,06-07-2023,C75,Male,61,Beauty,4,50,200
76,25-03-2023,C76,Female,22,Electronics,2,50,100
77,09-07-2023,C77,Female,47,Clothing,2,50,100
78,01-07-2023,C78,Female,47,Clothing,3,500,1500
79,18-04-2023,C79,Male,34,Beauty,1,300,300
80,10-12-2023,C80,Female,64,Clothing,2,30,60
81,17-05-2023,C81,Male,40,Electronics,1,50,50
82,26-12-2023,C82,Female,32,Beauty,4,50,200
83,16-12-2023,C83,Male,54,Electronics,2,50,100
84,28-11-2023,C84,Female,38,Electronics,3,30,90
85,06-02-2023,C85,Male,31,Clothing,3,50,150
86,08-11-2023,C86,Male,19,Beauty,3,30,90
87,22-11-2023,C87,Female,28,Beauty,2,50,100
88,29-03-2023,C88,Male,56,Clothing,1,500,500
89,01-10-2023,C89,Female,55,Electronics,4,500,2000
90,06-05-2023,C90,Female,51,Electronics,1,30,30
91,25-03-2023,C91,Female,55,Electronics,1,500,500
92,25-08-2023,C92,Female,51,Electronics,4,30,120
93,14-07-2023,C93,Female,35,Beauty,4,500,2000
94,19-05-2023,C94,Female,47,Beauty,2,500,1000
95,24-11-2023,C95,Female,32,Clothing,2,30,60
96,19-12-2023,C96,Female,44,Clothing,2,300,600
97,13-10-2023,C97,Female,51,Beauty,2,500,1000
98,23-04-2023,C98,Female,55,Beauty,2,50,100
99,17-12-2023,C99,Female,50,Electronics,4,300,1200
100,16-06-2023,C100,Male,41,Electronics,1,30,30
101,29-01-2023,C101,Male,32,Clothing,2,300,600
102,28-04-2023,C102,Female,47,Beauty,2,25,50
103,17-01-2023,C103,Female,59,Clothing,1,25,25
104,11-06-2023,C104,Female,34,Beauty,2,500,1000
105,25-07-2023,C105,Female,22,Electronics,1,500,500
106,18-05-2023,C106,Female,46,Clothing,1,50,50
107,03-02-2023,C107,Female,21,Clothing,4,300,1200
108,19-04-2023,C108,Female,27,Beauty,3,25,75
109,18-10-2023,C109,Female,34,Electronics,4,500,2000
110,11-06-2023,C110,Male,27,Clothing,3,300,900
111,19-04-2023,C111,Female,34,Electronics,3,500,1500
112,02-12-2023,C112,Male,37,Clothing,3,500,1500
113,13-09-2023,C113,Female,41,Electronics,2,25,50
114,22-07-2023,C114,Female,22,Beauty,4,25,100
115,26-11-2023,C115,Male,51,Clothing,3,500,1500
116,23-08-2023,C116,Female,23,Clothing,1,30,30
117,15-03-2023,C117,Male,19,Electronics,2,500,1000
118,16-05-2023,C118,Female,30,Electronics,4,500,2000
119,13-03-2023,C119,Female,60,Clothing,3,50,150
120,07-05-2023,C120,Male,60,Beauty,1,50,50
121,15-10-2023,C121,Female,28,Electronics,4,50,200
122,03-10-2023,C122,Male,64,Electronics,4,30,120
123,15-05-2023,C123,Female,40,Electronics,2,30,60
124,27-10-2023,C124,Male,33,Clothing,4,500,2000
125,08-08-2023,C125,Male,48,Clothing,2,50,100
126,26-10-2023,C126,Female,28,Clothing,3,30,90
127,24-07-2023,C127,Female,33,Clothing,2,25,50
128,05-07-2023,C128,Male,25,Beauty,1,500,500
129,23-04-2023,C129,Female,21,Beauty,2,300,600
130,12-03-2023,C130,Female,57,Clothing,1,500,500
131,18-09-2023,C131,Female,21,Beauty,2,300,600
132,10-09-2023,C132,Male,42,Electronics,4,50,200
133,16-02-2023,C133,Male,20,Electronics,3,300,900
134,25-01-2023,C134,Male,49,Electronics,1,50,50
135,26-02-2023,C135,Male,20,Clothing,2,25,50
136,20-03-2023,C136,Male,44,Electronics,2,300,600
137,18-11-2023,C137,Male,46,Beauty,2,500,1000
138,23-03-2023,C138,Male,49,Clothing,4,50,200
139,15-12-2023,C139,Male,36,Beauty,4,500,2000
140,05-08-2023,C140,Male,38,Electronics,1,30,30
141,02-11-2023,C141,Female,22,Electronics,1,50,50
142,02-02-2023,C142,Male,35,Electronics,4,300,1200
143,17-07-2023,C143,Female,45,Clothing,1,50,50
144,15-07-2023,C144,Female,59,Beauty,3,500,1500
145,02-11-2023,C145,Female,39,Clothing,3,25,75
146,28-08-2023,C146,Male,38,Clothing,4,50,200
147,28-09-2023,C147,Male,23,Electronics,1,300,300
148,09-05-2023,C148,Male,18,Clothing,2,30,60
149,11-10-2023,C149,Male,22,Clothing,3,25,75
150,06-01-2023,C150,Female,58,Electronics,4,30,120
151,15-12-2023,C151,Male,29,Clothing,1,50,50
152,28-02-2023,C152,Male,43,Electronics,4,500,2000
153,16-12-2023,C153,Male,63,Electronics,2,500,1000
154,02-10-2023,C154,Male,51,Electronics,3,300,900
155,17-05-2023,C155,Male,31,Electronics,4,500,2000
156,25-11-2023,C156,Female,43,Clothing,4,25,100
157,24-06-2023,C157,Male,62,Electronics,4,500,2000
158,27-02-2023,C158,Female,44,Electronics,2,300,600
159,31-05-2023,C159,Male,26,Clothing,4,50,200
160,11-08-2023,C160,Female,43,Clothing,2,50,100
161,22-03-2023,C161,Male,64,Beauty,2,500,1000
162,21-08-2023,C162,Male,39,Clothing,2,30,60
163,02-01-2023,C163,Female,64,Clothing,3,50,150
164,15-05-2023,C164,Female,47,Beauty,3,500,1500
165,14-09-2023,C165,Female,60,Clothing,4,300,1200
166,02-04-2023,C166,Male,34,Clothing,4,500,2000
167,17-09-2023,C167,Female,43,Clothing,3,50,150
168,24-02-2023,C168,Male,53,Clothing,1,300,300
169,17-11-2023,C169,Male,18,Beauty,3,500,1500
170,02-06-2023,C170,Female,25,Clothing,2,25,50
171,24-11-2023,C171,Female,52,Clothing,3,300,900
172,17-09-2023,C172,Male,32,Beauty,2,25,50
173,08-11-2023,C173,Male,64,Electronics,4,30,120
174,12-04-2023,C174,Female,39,Beauty,1,300,300
175,20-03-2023,C175,Female,31,Electronics,4,25,100
176,11-07-2023,C176,Female,43,Beauty,2,50,100
177,24-03-2023,C177,Male,45,Beauty,2,50,100
178,04-10-2023,C178,Male,40,Clothing,2,30,60
179,29-09-2023,C179,Male,31,Electronics,1,300,300
180,01-01-2023,C180,Male,41,Clothing,3,300,900
181,03-11-2023,C181,Male,19,Electronics,4,300,1200
182,15-06-2023,C182,Male,62,Beauty,4,30,120
183,08-09-2023,C183,Female,43,Beauty,3,300,900
184,10-01-2023,C184,Male,31,Electronics,4,50,200
185,27-02-2023,C185,Male,24,Clothing,1,25,25
186,05-07-2023,C186,Male,20,Clothing,4,50,200
187,07-06-2023,C187,Female,64,Clothing,2,50,100
188,03-05-2023,C188,Male,40,Clothing,3,25,75
189,30-01-2023,C189,Male,63,Beauty,1,50,50
190,04-05-2023,C190,Female,60,Beauty,3,30,90
191,18-10-2023,C191,Male,64,Beauty,1,25,25
192,10-02-2023,C192,Male,62,Beauty,2,50,100
193,13-02-2023,C193,Male,35,Beauty,3,500,1500
194,06-09-2023,C194,Male,55,Clothing,4,50,200
195,05-02-2023,C195,Male,52,Clothing,1,30,30
196,30-09-2023,C196,Female,32,Clothing,3,300,900
197,06-03-2023,C197,Female,42,Clothing,4,50,200
198,07-03-2023,C198,Female,54,Beauty,3,300,900
199,04-12-2023,C199,Male,45,Beauty,3,500,1500
200,01-09-2023,C200,Male,27,Beauty,3,50,150
201,09-10-2023,C201,Male,56,Electronics,1,25,25
202,26-03-2023,C202,Female,34,Clothing,4,300,1200
203,16-05-2023,C203,Male,56,Clothing,2,500,1000
204,28-09-2023,C204,Male,39,Beauty,1,25,25
205,07-11-2023,C205,Female,43,Clothing,1,25,25
206,05-08-2023,C206,Male,61,Clothing,1,25,25
207,19-04-2023,C207,Female,42,Beauty,2,25,50
208,04-10-2023,C208,Female,34,Electronics,4,50,200
209,20-12-2023,C209,Female,30,Electronics,4,50,200
210,13-04-2023,C210,Male,37,Electronics,4,50,200
211,01-01-2024,C211,Male,42,Beauty,3,500,1500
212,09-06-2023,C212,Male,21,Clothing,3,500,1500
213,24-07-2023,C213,Male,27,Beauty,3,500,1500
214,10-12-2023,C214,Male,20,Beauty,2,30,60
215,29-11-2023,C215,Male,58,Clothing,3,500,1500
216,11-07-2023,C216,Male,62,Electronics,2,50,100
217,13-08-2023,C217,Female,35,Electronics,4,50,200
218,22-09-2023,C218,Male,64,Beauty,3,30,90
219,20-08-2023,C219,Female,53,Electronics,3,30,90
220,03-03-2023,C220,Male,64,Beauty,1,500,500
221,07-05-2023,C221,Male,39,Beauty,2,300,600
222,26-04-2023,C222,Male,51,Clothing,4,30,120
223,02-02-2023,C223,Female,64,Clothing,1,25,25
224,23-06-2023,C224,Female,25,Clothing,1,50,50
225,11-01-2023,C225,Female,57,Beauty,4,25,100
226,29-10-2023,C226,Female,61,Clothing,1,50,50
227,11-10-2023,C227,Male,36,Electronics,2,50,100
228,28-04-2023,C228,Female,59,Electronics,2,30,60
229,29-10-2023,C229,Male,58,Beauty,3,30,90
230,23-04-2023,C230,Male,54,Beauty,1,25,25
231,04-01-2023,C231,Female,23,Clothing,3,50,150
232,06-02-2023,C232,Female,43,Beauty,1,25,25
233,29-12-2023,C233,Female,51,Beauty,2,300,600
234,20-11-2023,C234,Female,62,Electronics,2,25,50
235,31-01-2023,C235,Female,23,Electronics,2,500,1000
236,28-04-2023,C236,Female,54,Clothing,1,25,25
237,04-02-2023,C237,Female,50,Beauty,2,500,1000
238,17-01-2023,C238,Female,39,Beauty,1,500,500
239,19-06-2023,C239,Male,38,Electronics,3,500,1500
240,06-02-2023,C240,Female,23,Beauty,1,300,300
241,21-09-2023,C241,Female,23,Electronics,3,25,75
242,02-05-2023,C242,Male,21,Clothing,1,25,25
243,23-05-2023,C243,Female,47,Electronics,3,300,900
244,09-12-2023,C244,Male,28,Beauty,2,50,100
245,06-09-2023,C245,Male,47,Clothing,3,30,90
246,20-04-2023,C246,Female,48,Electronics,2,25,50
247,04-10-2023,C247,Male,41,Electronics,2,30,60
248,09-03-2023,C248,Male,26,Clothing,3,300,900
249,20-10-2023,C249,Male,20,Clothing,1,50,50
250,23-10-2023,C250,Male,48,Electronics,1,50,50
251,31-08-2023,C251,Female,57,Beauty,4,50,200
252,05-05-2023,C252,Male,54,Electronics,1,300,300
253,31-08-2023,C253,Female,53,Clothing,4,500,2000
254,28-07-2023,C254,Male,41,Electronics,1,500,500
255,08-04-2023,C255,Male,48,Clothing,1,30,30
256,18-02-2023,C256,Male,23,Clothing,2,500,1000
257,19-02-2023,C257,Male,19,Beauty,4,500,2000
258,04-12-2023,C258,Female,37,Clothing,1,50,50
259,09-08-2023,C259,Female,45,Clothing,4,50,200
260,01-07-2023,C260,Male,28,Beauty,2,30,60
261,05-08-2023,C261,Male,21,Clothing,2,25,50
262,30-07-2023,C262,Female,32,Beauty,4,30,120
263,28-08-2023,C263,Male,23,Beauty,2,30,60
264,28-01-2023,C264,Male,47,Clothing,3,300,900
265,11-12-2023,C265,Male,55,Clothing,3,300,900
266,01-12-2023,C266,Female,19,Electronics,2,30,60
267,27-11-2023,C267,Female,32,Beauty,3,30,90
268,20-02-2023,C268,Female,28,Electronics,1,30,30
269,01-02-2023,C269,Male,25,Clothing,4,500,2000
270,26-07-2023,C270,Male,43,Electronics,1,300,300
271,23-06-2023,C271,Female,62,Beauty,4,30,120
272,25-02-2023,C272,Female,61,Electronics,2,50,100
273,08-05-2023,C273,Female,22,Beauty,1,50,50
274,09-04-2023,C274,Female,23,Clothing,2,500,1000
275,08-04-2023,C275,Male,43,Clothing,2,500,1000
276,02-10-2023,C276,Female,21,Beauty,4,25,100
277,18-08-2023,C277,Male,36,Clothing,4,25,100
278,13-03-2023,C278,Female,37,Clothing,4,25,100
279,05-08-2023,C279,Male,50,Clothing,1,500,500
280,04-04-2023,C280,Female,37,Clothing,3,500,1500
281,23-05-2023,C281,Female,29,Beauty,4,500,2000
282,25-08-2023,C282,Female,64,Electronics,4,50,200
283,08-05-2023,C283,Female,18,Electronics,1,500,500
284,08-02-2023,C284,Male,43,Clothing,4,50,200
285,15-08-2023,C285,Female,31,Electronics,1,25,25
286,09-10-2023,C286,Male,55,Electronics,2,25,50
287,20-02-2023,C287,Male,54,Clothing,4,25,100
288,26-01-2023,C288,Male,28,Clothing,4,30,120
289,30-11-2023,C289,Male,53,Electronics,2,30,60
290,04-10-2023,C290,Female,30,Beauty,2,300,600
291,08-01-2023,C291,Male,60,Clothing,2,300,600
292,17-02-2023,C292,Male,20,Beauty,4,300,1200
293,02-05-2023,C293,Male,50,Electronics,3,30,90
294,27-03-2023,C294,Female,23,Clothing,3,30,90
295,28-07-2023,C295,Female,27,Beauty,3,300,900
296,06-09-2023,C296,Female,22,Clothing,4,300,1200
297,04-09-2023,C297,Female,40,Electronics,2,500,1000
298,20-04-2023,C298,Male,27,Beauty,4,300,1200
299,25-07-2023,C299,Male,61,Electronics,2,500,1000
300,31-01-2023,C300,Female,19,Electronics,4,50,200
301,26-03-2023,C301,Male,30,Clothing,4,30,120
302,14-07-2023,C302,Male,57,Beauty,2,300,600
303,02-01-2023,C303,Male,19,Electronics,3,30,90
304,19-07-2023,C304,Female,37,Electronics,2,30,60
305,16-05-2023,C305,Female,18,Beauty,1,30,30
306,21-08-2023,C306,Male,54,Electronics,1,50,50
307,27-05-2023,C307,Female,26,Electronics,2,25,50
308,05-08-2023,C308,Female,34,Beauty,4,300,1200
309,23-12-2023,C309,Female,26,Beauty,1,25,25
310,12-10-2023,C310,Female,28,Beauty,1,25,25
311,05-12-2023,C311,Female,32,Beauty,4,25,100
312,07-09-2023,C312,Male,41,Clothing,4,30,120
313,21-03-2023,C313,Female,55,Beauty,3,500,1500
314,08-04-2023,C314,Male,52,Clothing,4,30,120
315,01-06-2023,C315,Male,47,Clothing,2,30,60
316,22-04-2023,C316,Female,48,Clothing,2,25,50
317,30-01-2023,C317,Male,22,Electronics,3,30,90
318,24-10-2023,C318,Male,61,Clothing,1,25,25
319,05-10-2023,C319,Male,31,Clothing,1,500,500
320,01-02-2023,C320,Female,28,Electronics,4,300,1200
321,10-06-2023,C321,Female,26,Electronics,2,25,50
322,30-01-2023,C322,Male,51,Electronics,1,500,500
323,26-01-2023,C323,Female,29,Beauty,3,300,900
324,27-10-2023,C324,Female,52,Electronics,3,50,150
325,02-09-2023,C325,Female,52,Electronics,2,25,50
326,15-09-2023,C326,Female,18,Clothing,3,25,75
327,29-09-2023,C327,Male,57,Electronics,3,50,150
328,22-03-2023,C328,Male,39,Beauty,2,50,100
329,30-01-2023,C329,Female,46,Electronics,4,25,100
330,18-09-2023,C330,Female,25,Beauty,4,50,200
331,11-02-2023,C331,Male,28,Electronics,3,30,90
332,06-04-2023,C332,Male,58,Electronics,4,300,1200
333,05-02-2023,C333,Female,54,Electronics,4,300,1200
334,01-11-2023,C334,Male,31,Electronics,3,300,900
335,04-02-2023,C335,Female,47,Beauty,4,30,120
336,12-12-2023,C336,Female,52,Beauty,3,50,150
337,01-05-2023,C337,Male,38,Clothing,1,500,500
338,26-07-2023,C338,Male,54,Beauty,2,50,100
339,03-03-2023,C339,Female,22,Electronics,2,25,50
340,19-10-2023,C340,Female,36,Clothing,4,300,1200
341,07-05-2023,C341,Male,31,Clothing,4,50,200
342,24-10-2023,C342,Female,43,Clothing,4,500,2000
343,01-11-2023,C343,Male,21,Electronics,2,25,50
344,21-01-2023,C344,Female,42,Beauty,1,30,30
345,14-11-2023,C345,Male,62,Electronics,1,30,30
346,11-02-2023,C346,Male,59,Clothing,2,500,1000
347,03-08-2023,C347,Male,42,Electronics,1,25,25
348,03-12-2023,C348,Female,35,Electronics,2,300,600
349,26-10-2023,C349,Female,57,Beauty,1,50,50
350,17-10-2023,C350,Male,25,Beauty,3,25,75
351,25-09-2023,C351,Female,56,Clothing,3,30,90
352,11-06-2023,C352,Male,57,Electronics,2,500,1000
353,14-05-2023,C353,Male,31,Electronics,1,500,500
354,15-04-2023,C354,Female,49,Beauty,4,50,200
355,09-12-2023,C355,Female,55,Electronics,1,500,500
356,10-06-2023,C356,Male,50,Electronics,3,500,1500
357,03-05-2023,C357,Female,40,Electronics,3,25,75
358,16-05-2023,C358,Female,32,Beauty,1,300,300
359,22-07-2023,C359,Male,50,Clothing,1,50,50
360,09-03-2023,C360,Male,42,Clothing,4,25,100
361,10-12-2023,C361,Female,34,Electronics,4,300,1200
362,27-11-2023,C362,Male,50,Clothing,1,25,25
363,03-06-2023,C363,Male,64,Beauty,1,25,25
364,23-08-2023,C364,Female,19,Beauty,1,500,500
365,11-06-2023,C365,Male,31,Clothing,1,300,300
366,07-02-2023,C366,Male,57,Clothing,2,50,100
367,05-01-2023,C367,Female,57,Electronics,1,50,50
368,23-08-2023,C368,Female,56,Clothing,4,300,1200
369,15-11-2023,C369,Male,23,Electronics,3,500,1500
370,16-10-2023,C370,Male,23,Electronics,2,30,60
371,21-02-2023,C371,Female,20,Beauty,1,25,25
372,07-02-2023,C372,Female,24,Beauty,3,500,1500
373,03-10-2023,C373,Female,25,Beauty,2,300,600
374,20-04-2023,C374,Female,59,Beauty,3,25,75
375,17-09-2023,C375,Male,32,Clothing,1,50,50
376,16-05-2023,C376,Female,64,Beauty,1,30,30
377,09-03-2023,C377,Female,46,Clothing,4,50,200
378,28-06-2023,C378,Male,50,Beauty,1,300,300
379,05-02-2023,C379,Female,47,Clothing,1,25,25
380,06-05-2023,C380,Male,56,Electronics,2,300,600
381,09-07-2023,C381,Female,44,Clothing,4,25,100
382,26-05-2023,C382,Female,53,Clothing,2,500,1000
383,22-03-2023,C383,Female,46,Beauty,3,30,90
384,13-08-2023,C384,Male,55,Clothing,1,500,500
385,06-10-2023,C385,Male,50,Electronics,3,500,1500
386,27-12-2023,C386,Female,54,Electronics,2,300,600
387,04-06-2023,C387,Male,44,Beauty,1,30,30
388,10-11-2023,C388,Male,50,Electronics,1,25,25
389,01-12-2023,C389,Male,21,Clothing,2,25,50
390,28-09-2023,C390,Male,39,Electronics,2,50,100
391,05-01-2023,C391,Male,19,Beauty,2,25,50
392,08-12-2023,C392,Male,27,Clothing,2,300,600
393,11-10-2023,C393,Female,22,Beauty,2,500,1000
394,03-06-2023,C394,Female,27,Clothing,1,500,500
395,06-12-2023,C395,Male,50,Electronics,2,500,1000
396,23-02-2023,C396,Female,55,Beauty,1,30,30
397,10-03-2023,C397,Female,30,Beauty,1,25,25
398,16-05-2023,C398,Female,48,Clothing,2,300,600
399,01-03-2023,C399,Female,64,Beauty,2,30,60
400,24-02-2023,C400,Male,53,Clothing,4,50,200
401,11-10-2023,C401,Female,62,Clothing,1,300,300
402,21-03-2023,C402,Female,41,Clothing,2,300,600
403,20-05-2023,C403,Male,32,Clothing,2,300,600
404,25-05-2023,C404,Male,46,Electronics,2,500,1000
405,06-11-2023,C405,Female,25,Clothing,4,300,1200
406,18-04-2023,C406,Female,22,Beauty,4,25,100
407,25-06-2023,C407,Female,46,Electronics,3,300,900
408,15-04-2023,C408,Female,64,Beauty,1,500,500
409,18-12-2023,C409,Female,21,Electronics,3,300,900
410,21-11-2023,C410,Female,29,Clothing,2,50,100
411,16-05-2023,C411,Male,62,Electronics,4,50,200
412,16-09-2023,C412,Female,19,Electronics,4,500,2000
413,08-09-2023,C413,Female,44,Beauty,3,25,75
414,09-05-2023,C414,Male,48,Beauty,4,25,100
415,27-01-2023,C415,Male,53,Clothing,2,30,60
416,17-02-2023,C416,Male,53,Electronics,4,500,2000
417,21-11-2023,C417,Male,43,Electronics,3,300,900
418,05-08-2023,C418,Female,60,Electronics,2,500,1000
419,22-05-2023,C419,Female,44,Clothing,3,30,90
420,23-01-2023,C420,Female,22,Clothing,4,500,2000
421,02-01-2023,C421,Female,37,Clothing,3,500,1500
422,20-06-2023,C422,Female,28,Clothing,3,30,90
423,08-03-2023,C423,Female,27,Clothing,1,25,25
424,23-11-2023,C424,Male,57,Beauty,4,300,1200
425,15-05-2023,C425,Female,55,Electronics,4,30,120
426,24-03-2023,C426,Male,23,Electronics,3,50,150
427,15-08-2023,C427,Male,25,Electronics,1,25,25
428,10-10-2023,C428,Female,40,Electronics,4,50,200
429,28-12-2023,C429,Male,64,Electronics,2,25,50
430,07-08-2023,C430,Female,43,Electronics,3,300,900
431,15-10-2023,C431,Male,63,Electronics,4,300,1200
432,05-01-2023,C432,Female,60,Electronics,2,500,1000
433,27-02-2023,C433,Male,29,Beauty,4,50,200
434,08-02-2023,C434,Female,43,Electronics,2,25,50
435,20-12-2023,C435,Female,30,Beauty,3,300,900
436,18-03-2023,C436,Female,57,Clothing,4,30,120
437,07-10-2023,C437,Female,35,Electronics,4,300,1200
438,19-01-2023,C438,Female,42,Clothing,1,30,30
439,09-07-2023,C439,Male,50,Clothing,3,25,75
440,26-10-2023,C440,Male,64,Clothing,2,300,600
441,10-10-2023,C441,Male,57,Beauty,4,300,1200
442,17-03-2023,C442,Female,60,Clothing,4,25,100
443,09-08-2023,C443,Male,29,Clothing,2,300,600
444,07-03-2023,C444,Female,61,Clothing,3,30,90
445,22-01-2023,C445,Female,53,Electronics,1,300,300
446,07-06-2023,C446,Male,21,Electronics,1,50,50
447,06-07-2023,C447,Male,22,Beauty,4,500,2000
448,21-01-2023,C448,Female,54,Beauty,2,30,60
449,03-07-2023,C449,Male,25,Electronics,4,50,200
450,18-04-2023,C450,Female,59,Beauty,2,25,50
451,16-12-2023,C451,Female,45,Electronics,1,30,30
452,08-05-2023,C452,Female,48,Clothing,3,500,1500
453,08-12-2023,C453,Female,26,Clothing,2,500,1000
454,22-02-2023,C454,Female,46,Beauty,1,25,25
455,01-07-2023,C455,Male,31,Electronics,4,25,100
456,14-10-2023,C456,Male,57,Electronics,2,30,60
457,28-07-2023,C457,Female,58,Beauty,3,300,900
458,14-11-2023,C458,Female,39,Electronics,4,25,100
459,21-03-2023,C459,Male,28,Clothing,4,300,1200
460,02-05-2023,C460,Male,40,Beauty,1,50,50
461,25-03-2023,C461,Female,18,Beauty,2,500,1000
462,01-04-2023,C462,Male,63,Electronics,4,300,1200
463,31-07-2023,C463,Female,54,Beauty,3,500,1500
464,13-01-2023,C464,Male,38,Electronics,2,300,600
465,02-04-2023,C465,Female,43,Electronics,3,50,150
466,20-06-2023,C466,Male,63,Electronics,4,25,100
467,30-07-2023,C467,Female,53,Electronics,3,50,150
468,09-12-2023,C468,Male,40,Electronics,1,25,25
469,08-05-2023,C469,Male,18,Beauty,3,25,75
470,17-05-2023,C470,Female,57,Clothing,2,500,1000
471,23-03-2023,C471,Male,32,Clothing,3,50,150
472,26-12-2023,C472,Female,38,Beauty,3,300,900
473,25-02-2023,C473,Male,64,Beauty,1,50,50
474,15-07-2023,C474,Female,26,Clothing,3,500,1500
475,20-01-2023,C475,Male,26,Clothing,3,25,75
476,29-08-2023,C476,Female,27,Clothing,4,500,2000
477,24-04-2023,C477,Male,43,Clothing,4,30,120
478,13-04-2023,C478,Female,58,Clothing,2,30,60
479,24-08-2023,C479,Male,52,Electronics,4,300,1200
480,29-06-2023,C480,Female,42,Beauty,4,500,2000
481,06-06-2023,C481,Female,43,Electronics,4,300,1200
482,27-04-2023,C482,Female,28,Clothing,4,300,1200
483,25-04-2023,C483,Male,55,Clothing,1,30,30
484,13-01-2023,C484,Female,19,Clothing,4,300,1200
485,04-12-2023,C485,Male,24,Electronics,1,30,30
486,09-04-2023,C486,Female,35,Electronics,1,25,25
487,24-07-2023,C487,Male,44,Clothing,4,500,2000
488,18-06-2023,C488,Female,51,Electronics,3,300,900
489,23-05-2023,C489,Male,44,Electronics,1,30,30
490,05-02-2023,C490,Male,34,Clothing,3,50,150
491,23-05-2023,C491,Female,60,Electronics,3,300,900
492,29-06-2023,C492,Male,61,Beauty,4,25,100
493,25-11-2023,C493,Male,41,Beauty,2,25,50
494,18-09-2023,C494,Female,42,Beauty,4,50,200
495,24-07-2023,C495,Male,24,Beauty,2,30,60
496,14-12-2023,C496,Male,23,Clothing,2,300,600
497,02-10-2023,C497,Male,41,Clothing,4,30,120
498,19-06-2023,C498,Female,50,Clothing,4,25,100
499,15-01-2023,C499,Male,46,Beauty,2,30,60
500,01-03-2023,C500,Female,60,Beauty,4,25,100
501,14-05-2023,C501,Male,39,Electronics,2,30,60
502,02-04-2023,C502,Male,43,Electronics,3,50,150
503,25-10-2023,C503,Male,45,Beauty,4,500,2000
504,16-05-2023,C504,Female,38,Beauty,3,50,150
505,20-01-2023,C505,Male,24,Beauty,1,50,50
506,25-02-2023,C506,Male,34,Beauty,3,500,1500
507,02-11-2023,C507,Female,37,Electronics,3,500,1500
508,11-08-2023,C508,Male,58,Beauty,2,300,600
509,26-06-2023,C509,Female,37,Electronics,3,300,900
510,10-06-2023,C510,Female,39,Beauty,4,50,200
511,12-08-2023,C511,Male,45,Beauty,2,50,100
512,07-11-2023,C512,Female,57,Beauty,1,25,25
513,19-09-2023,C513,Male,24,Electronics,4,25,100
514,01-03-2023,C514,Female,18,Electronics,1,300,300
515,17-07-2023,C515,Female,49,Clothing,3,300,900
516,23-10-2023,C516,Male,30,Beauty,4,25,100
517,08-04-2023,C517,Female,47,Clothing,4,25,100
518,11-05-2023,C518,Female,40,Clothing,1,30,30
519,23-01-2023,C519,Female,36,Electronics,4,30,120
520,29-12-2023,C520,Female,49,Electronics,4,25,100
521,12-08-2023,C521,Female,47,Clothing,4,30,120
522,01-01-2023,C522,Male,46,Beauty,3,500,1500
523,24-09-2023,C523,Female,62,Electronics,1,300,300
524,03-10-2023,C524,Male,46,Beauty,4,300,1200
525,18-12-2023,C525,Female,47,Beauty,2,25,50
526,10-12-2023,C526,Male,33,Clothing,2,50,100
527,11-04-2023,C527,Male,57,Clothing,2,25,50
528,06-07-2023,C528,Female,36,Clothing,2,30,60
529,09-08-2023,C529,Female,35,Clothing,3,50,150
530,05-02-2023,C530,Female,18,Electronics,4,30,120
531,07-12-2023,C531,Male,31,Electronics,1,500,500
532,19-06-2023,C532,Female,64,Clothing,4,30,120
533,16-11-2023,C533,Male,19,Electronics,3,500,1500
534,10-06-2023,C534,Male,45,Clothing,2,500,1000
535,06-12-2023,C535,Male,47,Beauty,3,30,90
536,05-03-2023,C536,Female,55,Beauty,4,30,120
537,03-06-2023,C537,Female,21,Beauty,1,500,500
538,17-09-2023,C538,Male,18,Clothing,3,50,150
539,08-06-2023,C539,Male,25,Beauty,1,500,500
540,08-12-2023,C540,Female,46,Electronics,3,300,900
541,29-07-2023,C541,Male,56,Beauty,1,500,500
542,17-06-2023,C542,Female,20,Beauty,1,50,50
543,26-07-2023,C543,Male,49,Beauty,2,300,600
544,23-12-2023,C544,Female,27,Electronics,1,25,25
545,01-06-2023,C545,Male,27,Clothing,2,25,50
546,11-10-2023,C546,Female,36,Electronics,4,50,200
547,07-03-2023,C547,Male,63,Clothing,4,500,2000
548,09-04-2023,C548,Female,51,Clothing,2,30,60
549,04-08-2023,C549,Female,50,Beauty,2,50,100
550,07-12-2023,C550,Male,40,Clothing,3,300,900
551,14-07-2023,C551,Male,45,Electronics,3,300,900
552,13-12-2023,C552,Female,49,Electronics,3,25,75
553,31-03-2023,C553,Male,24,Clothing,4,300,1200
554,12-11-2023,C554,Female,46,Beauty,3,50,150
555,19-10-2023,C555,Male,25,Beauty,1,300,300
556,04-06-2023,C556,Female,18,Electronics,1,50,50
557,27-07-2023,C557,Female,20,Beauty,3,30,90
558,08-10-2023,C558,Female,41,Clothing,1,25,25
559,01-01-2023,C559,Female,40,Clothing,4,300,1200
560,05-06-2023,C560,Female,25,Electronics,1,50,50
561,27-05-2023,C561,Female,64,Clothing,4,500,2000
562,18-04-2023,C562,Male,54,Electronics,2,25,50
563,09-08-2023,C563,Male,20,Clothing,2,30,60
564,24-10-2023,C564,Male,50,Electronics,2,50,100
565,07-11-2023,C565,Female,45,Beauty,2,30,60
566,02-12-2023,C566,Female,64,Clothing,1,30,30
567,14-06-2023,C567,Female,25,Clothing,3,300,900
568,27-08-2023,C568,Female,51,Electronics,1,300,300
569,15-08-2023,C569,Male,52,Electronics,4,50,200
570,15-08-2023,C570,Male,49,Clothing,1,500,500
571,12-12-2023,C571,Female,41,Electronics,1,50,50
572,20-04-2023,C572,Male,31,Clothing,4,500,2000
573,19-09-2023,C573,Male,49,Beauty,2,30,60
574,31-08-2023,C574,Female,63,Electronics,2,25,50
575,28-03-2023,C575,Male,60,Clothing,2,50,100
576,04-12-2023,C576,Female,33,Beauty,3,50,150
577,13-02-2023,C577,Male,21,Beauty,4,500,2000
578,26-05-2023,C578,Female,54,Clothing,4,30,120
579,21-09-2023,C579,Female,38,Electronics,1,30,30
580,06-12-2023,C580,Female,31,Clothing,3,500,1500
581,21-11-2023,C581,Female,48,Beauty,2,30,60
582,14-11-2023,C582,Male,35,Clothing,3,300,900
583,21-06-2023,C583,Female,24,Electronics,4,25,100
584,17-02-2023,C584,Female,27,Beauty,4,50,200
585,01-05-2023,C585,Female,24,Clothing,1,25,25
586,11-12-2023,C586,Male,50,Electronics,1,50,50
587,08-06-2023,C587,Female,40,Beauty,4,300,1200
588,26-04-2023,C588,Male,38,Electronics,2,30,60
589,12-04-2023,C589,Female,36,Beauty,2,500,1000
590,17-03-2023,C590,Male,36,Clothing,3,300,900
591,13-01-2023,C591,Male,53,Electronics,4,25,100
592,24-01-2023,C592,Female,46,Beauty,4,500,2000
593,06-05-2023,C593,Male,35,Electronics,2,30,60
594,01-09-2023,C594,Female,19,Electronics,2,300,600
595,09-11-2023,C595,Female,18,Clothing,4,500,2000
596,07-02-2023,C596,Female,64,Electronics,1,300,300
597,22-08-2023,C597,Male,22,Beauty,4,300,1200
598,01-08-2023,C598,Male,37,Beauty,4,30,120
599,19-11-2023,C599,Female,28,Beauty,2,50,100
600,22-10-2023,C600,Female,59,Beauty,2,500,1000
601,10-04-2023,C601,Male,19,Clothing,1,30,30
602,23-12-2023,C602,Female,20,Electronics,1,300,300
603,16-07-2023,C603,Female,40,Clothing,3,30,90
604,11-09-2023,C604,Female,29,Electronics,4,50,200
605,24-07-2023,C605,Male,37,Electronics,2,500,1000
606,05-05-2023,C606,Male,22,Electronics,1,50,50
607,17-03-2023,C607,Male,54,Clothing,3,25,75
608,02-12-2023,C608,Female,55,Electronics,3,500,1500
609,19-12-2023,C609,Female,47,Clothing,2,50,100
610,03-01-2023,C610,Female,26,Beauty,2,300,600
611,24-02-2023,C611,Male,51,Beauty,3,500,1500
612,06-08-2023,C612,Female,61,Electronics,1,500,500
613,23-04-2023,C613,Female,52,Clothing,3,30,90
614,01-04-2023,C614,Female,39,Beauty,4,300,1200
615,23-12-2023,C615,Female,61,Clothing,4,25,100
616,23-09-2023,C616,Male,41,Clothing,2,50,100
617,26-08-2023,C617,Male,34,Electronics,1,30,30
618,26-01-2023,C618,Female,27,Beauty,1,50,50
619,13-10-2023,C619,Male,47,Electronics,4,25,100
620,08-05-2023,C620,Male,63,Electronics,3,25,75
621,04-03-2023,C621,Female,40,Beauty,2,500,1000
622,22-08-2023,C622,Female,49,Beauty,3,25,75
623,10-03-2023,C623,Male,34,Clothing,3,50,150
624,26-08-2023,C624,Female,34,Beauty,3,300,900
625,08-12-2023,C625,Male,31,Clothing,1,300,300
626,29-09-2023,C626,Female,26,Clothing,4,500,2000
627,14-10-2023,C627,Male,57,Clothing,1,50,50
628,01-11-2023,C628,Female,19,Beauty,4,50,200
629,12-06-2023,C629,Male,62,Electronics,2,25,50
630,15-08-2023,C630,Male,42,Clothing,2,50,100
631,10-11-2023,C631,Male,56,Electronics,3,30,90
632,16-09-2023,C632,Female,26,Electronics,4,25,100
633,07-08-2023,C633,Male,39,Beauty,4,30,120
634,08-10-2023,C634,Male,60,Electronics,4,500,2000
635,17-08-2023,C635,Female,63,Electronics,3,300,900
636,23-03-2023,C636,Female,21,Beauty,3,500,1500
637,01-09-2023,C637,Male,43,Clothing,2,300,600
638,19-08-2023,C638,Male,46,Electronics,1,500,500
639,13-05-2023,C639,Female,62,Beauty,4,50,200
640,07-05-2023,C640,Female,51,Electronics,4,30,120
641,23-11-2023,C641,Female,40,Electronics,1,300,300
642,22-05-2023,C642,Female,54,Clothing,4,25,100
643,24-09-2023,C643,Female,28,Electronics,3,30,90
644,06-09-2023,C644,Male,23,Beauty,3,25,75
645,17-11-2023,C645,Female,35,Electronics,4,30,120
646,03-05-2023,C646,Male,38,Clothing,3,30,90
647,21-05-2023,C647,Male,59,Clothing,3,500,1500
648,14-08-2023,C648,Male,53,Beauty,4,300,1200
649,09-02-2023,C649,Female,58,Clothing,2,300,600
650,01-01-2024,C650,Male,55,Electronics,1,30,30
651,27-05-2023,C651,Male,51,Clothing,3,50,150
652,01-05-2023,C652,Female,34,Beauty,2,50,100
653,20-05-2023,C653,Male,54,Clothing,3,25,75
654,21-06-2023,C654,Male,42,Clothing,3,25,75
655,13-06-2023,C655,Female,55,Clothing,1,500,500
656,04-10-2023,C656,Male,29,Beauty,3,30,90
657,11-02-2023,C657,Male,40,Clothing,1,25,25
658,12-03-2023,C658,Male,59,Clothing,1,25,25
659,19-03-2023,C659,Female,39,Electronics,1,30,30
660,29-04-2023,C660,Female,38,Beauty,2,500,1000
661,16-07-2023,C661,Female,44,Clothing,4,25,100
662,22-12-2023,C662,Male,48,Beauty,2,500,1000
663,20-03-2023,C663,Male,23,Clothing,4,300,1200
664,28-12-2023,C664,Female,44,Clothing,4,500,2000
665,20-04-2023,C665,Male,57,Clothing,1,50,50
666,02-02-2023,C666,Male,51,Electronics,3,50,150
667,01-08-2023,C667,Female,29,Electronics,1,500,500
668,28-07-2023,C668,Female,62,Electronics,3,50,150
669,19-06-2023,C669,Male,24,Beauty,4,300,1200
670,05-10-2023,C670,Male,27,Beauty,1,30,30
671,27-08-2023,C671,Male,62,Electronics,3,50,150
672,01-08-2023,C672,Female,34,Beauty,2,50,100
673,01-02-2023,C673,Female,43,Clothing,3,500,1500
674,16-04-2023,C674,Female,38,Clothing,1,300,300
675,04-08-2023,C675,Female,45,Clothing,2,30,60
676,19-07-2023,C676,Male,63,Electronics,3,500,1500
677,27-10-2023,C677,Female,19,Beauty,3,500,1500
678,23-12-2023,C678,Female,60,Electronics,3,300,900
679,11-01-2023,C679,Female,18,Beauty,3,30,90
680,22-10-2023,C680,Female,53,Clothing,3,300,900
681,14-07-2023,C681,Female,43,Electronics,2,30,60
682,02-09-2023,C682,Male,46,Beauty,4,300,1200
683,04-01-2023,C683,Male,38,Beauty,2,500,1000
684,30-06-2023,C684,Female,28,Clothing,2,500,1000
685,02-06-2023,C685,Male,57,Electronics,2,25,50
686,19-07-2023,C686,Female,28,Electronics,4,50,200
687,03-08-2023,C687,Female,53,Electronics,1,300,300
688,03-10-2023,C688,Male,56,Clothing,4,25,100
689,07-10-2023,C689,Male,57,Electronics,2,50,100
690,05-11-2023,C690,Female,52,Clothing,3,300,900
691,23-04-2023,C691,Female,51,Clothing,3,30,90
692,07-09-2023,C692,Female,64,Clothing,2,50,100
693,23-04-2023,C693,Male,41,Beauty,3,500,1500
694,20-05-2023,C694,Female,39,Electronics,2,25,50
695,12-08-2023,C695,Female,22,Electronics,3,50,150
696,06-09-2023,C696,Female,50,Clothing,4,50,200
697,15-01-2023,C697,Male,53,Clothing,1,500,500
698,19-07-2023,C698,Female,64,Electronics,1,300,300
699,22-06-2023,C699,Female,37,Clothing,4,30,120
700,09-12-2023,C700,Male,36,Electronics,4,500,2000
701,14-12-2023,C701,Female,52,Beauty,2,30,60
702,27-07-2023,C702,Female,60,Clothing,2,300,600
703,26-03-2023,C703,Male,34,Electronics,2,50,100
704,28-08-2023,C704,Female,62,Clothing,3,30,90
705,07-03-2023,C705,Male,60,Electronics,2,25,50
706,15-11-2023,C706,Male,51,Electronics,4,25,100
707,01-10-2023,C707,Female,26,Clothing,1,500,500
708,14-01-2023,C708,Female,43,Beauty,3,300,900
709,21-07-2023,C709,Female,19,Electronics,2,500,1000
710,31-10-2023,C710,Female,26,Electronics,3,500,1500
711,16-10-2023,C711,Male,26,Electronics,3,500,1500
712,06-12-2023,C712,Female,57,Beauty,2,25,50
713,14-01-2023,C713,Male,34,Beauty,3,25,75
714,12-02-2023,C714,Female,18,Clothing,1,500,500
715,26-11-2023,C715,Female,42,Beauty,4,25,100
716,08-08-2023,C716,Female,60,Clothing,4,300,1200
717,11-03-2023,C717,Male,57,Clothing,1,500,500
718,25-08-2023,C718,Female,59,Beauty,3,25,75
719,04-04-2023,C719,Female,42,Clothing,2,30,60
720,26-01-2023,C720,Female,56,Beauty,3,500,1500
721,14-05-2023,C721,Female,52,Clothing,1,500,500
722,14-07-2023,C722,Male,20,Beauty,3,300,900
723,17-06-2023,C723,Female,54,Beauty,4,50,200
724,19-04-2023,C724,Male,61,Clothing,3,50,150
725,21-08-2023,C725,Male,61,Electronics,1,300,300
726,17-06-2023,C726,Male,47,Clothing,4,300,1200
727,22-06-2023,C727,Male,55,Beauty,3,300,900
728,14-07-2023,C728,Male,51,Electronics,3,50,150
729,23-05-2023,C729,Male,29,Clothing,4,300,1200
730,04-08-2023,C730,Female,36,Clothing,2,25,50
731,10-05-2023,C731,Male,54,Clothing,4,500,2000
732,11-02-2023,C732,Male,61,Electronics,2,500,1000
733,29-08-2023,C733,Male,34,Beauty,1,30,30
734,10-01-2023,C734,Female,27,Clothing,1,30,30
735,04-10-2023,C735,Female,64,Clothing,4,500,2000
736,27-01-2023,C736,Male,29,Clothing,4,25,100
737,29-06-2023,C737,Female,33,Clothing,1,50,50
738,25-04-2023,C738,Male,41,Clothing,2,50,100
739,29-11-2023,C739,Male,36,Beauty,1,25,25
740,05-02-2023,C740,Female,25,Beauty,4,50,200
741,30-11-2023,C741,Male,48,Clothing,1,300,300
742,21-01-2023,C742,Female,38,Electronics,4,500,2000
743,16-01-2023,C743,Female,34,Beauty,4,500,2000
744,07-05-2023,C744,Male,40,Electronics,1,25,25
745,13-04-2023,C745,Male,54,Beauty,2,50,100
746,11-01-2023,C746,Female,33,Clothing,3,30,90
747,15-11-2023,C747,Male,23,Beauty,1,30,30
748,20-03-2023,C748,Male,25,Clothing,3,50,150
749,03-05-2023,C749,Male,42,Beauty,1,30,30
750,06-03-2023,C750,Female,35,Clothing,3,25,75
751,31-08-2023,C751,Female,42,Clothing,2,25,50
752,09-12-2023,C752,Male,29,Clothing,2,50,100
753,28-02-2023,C753,Female,32,Clothing,1,30,30
754,16-10-2023,C754,Female,43,Electronics,4,25,100
755,22-04-2023,C755,Female,58,Clothing,3,25,75
756,27-08-2023,C756,Female,62,Electronics,4,300,1200
757,25-12-2023,C757,Female,43,Electronics,4,300,1200
758,12-05-2023,C758,Male,64,Clothing,4,25,100
759,08-07-2023,C759,Male,49,Electronics,2,50,100
760,27-03-2023,C760,Male,27,Beauty,1,500,500
761,07-11-2023,C761,Female,33,Clothing,1,500,500
762,07-11-2023,C762,Female,24,Electronics,2,25,50
763,28-02-2023,C763,Male,34,Clothing,2,25,50
764,25-03-2023,C764,Female,40,Clothing,1,25,25
765,09-06-2023,C765,Male,43,Clothing,4,50,200
766,25-02-2023,C766,Male,38,Electronics,3,300,900
767,24-10-2023,C767,Male,39,Beauty,3,25,75
768,14-01-2023,C768,Female,24,Beauty,3,25,75
769,09-06-2023,C769,Female,31,Electronics,4,30,120
770,22-10-2023,C770,Male,32,Clothing,1,50,50
771,13-12-2023,C771,Male,24,Electronics,2,25,50
772,12-07-2023,C772,Male,26,Electronics,1,30,30
773,23-07-2023,C773,Male,25,Electronics,4,500,2000
774,12-04-2023,C774,Female,40,Clothing,2,25,50
775,08-02-2023,C775,Female,46,Electronics,4,25,100
776,31-10-2023,C776,Male,35,Clothing,3,30,90
777,20-12-2023,C777,Male,48,Electronics,3,50,150
778,18-11-2023,C778,Female,47,Beauty,4,25,100
779,05-05-2023,C779,Female,56,Electronics,2,500,1000
780,22-02-2023,C780,Male,52,Electronics,2,25,50
781,23-12-2023,C781,Male,35,Beauty,1,500,500
782,04-06-2023,C782,Male,59,Clothing,3,300,900
783,17-12-2023,C783,Female,56,Clothing,1,300,300
784,04-11-2023,C784,Female,34,Electronics,1,500,500
785,03-03-2023,C785,Female,31,Beauty,4,50,200
786,17-10-2023,C786,Male,48,Clothing,4,25,100
787,22-01-2023,C787,Male,41,Electronics,1,25,25
788,27-06-2023,C788,Female,52,Beauty,3,300,900
789,30-09-2023,C789,Female,61,Clothing,4,500,2000
790,08-08-2023,C790,Male,62,Clothing,1,25,25
791,05-12-2023,C791,Female,51,Beauty,1,25,25
792,09-07-2023,C792,Female,20,Beauty,1,50,50
793,05-02-2023,C793,Male,54,Beauty,1,30,30
794,17-09-2023,C794,Female,60,Beauty,1,300,300
795,28-11-2023,C795,Male,57,Electronics,1,300,300
796,24-06-2023,C796,Male,43,Beauty,4,30,120
797,07-01-2023,C797,Male,40,Clothing,3,25,75
798,04-08-2023,C798,Male,61,Clothing,1,50,50
799,08-09-2023,C799,Male,56,Electronics,2,50,100
800,24-02-2023,C800,Male,32,Clothing,4,300,1200
801,10-08-2023,C801,Male,21,Clothing,4,50,200
802,05-07-2023,C802,Female,46,Beauty,1,30,30
803,22-11-2023,C803,Male,39,Clothing,4,25,100
804,24-08-2023,C804,Male,42,Electronics,1,30,30
805,29-12-2023,C805,Female,30,Beauty,3,500,1500
806,20-03-2023,C806,Female,35,Beauty,3,300,900
807,11-08-2023,C807,Female,50,Electronics,4,50,200
808,01-04-2023,C808,Male,33,Beauty,4,500,2000
809,25-09-2023,C809,Female,62,Beauty,2,50,100
810,30-11-2023,C810,Male,59,Electronics,4,25,100
811,19-05-2023,C811,Male,61,Beauty,2,25,50
812,12-11-2023,C812,Male,19,Electronics,3,25,75
813,03-10-2023,C813,Male,52,Electronics,3,50,150
814,05-09-2023,C814,Female,59,Clothing,1,500,500
815,27-08-2023,C815,Female,51,Clothing,3,25,75
816,12-08-2023,C816,Male,47,Beauty,2,500,1000
817,31-10-2023,C817,Male,30,Beauty,4,50,200
818,18-05-2023,C818,Male,30,Electronics,1,500,500
819,15-06-2023,C819,Female,35,Beauty,2,50,100
820,06-05-2023,C820,Male,49,Electronics,4,50,200
821,14-02-2023,C821,Male,49,Electronics,1,300,300
822,23-05-2023,C822,Female,52,Beauty,3,50,150
823,19-08-2023,C823,Female,56,Electronics,2,50,100
824,05-05-2023,C824,Male,63,Clothing,4,30,120
825,26-08-2023,C825,Female,46,Beauty,1,25,25
826,19-10-2023,C826,Female,46,Clothing,1,300,300
827,09-11-2023,C827,Male,61,Beauty,3,300,900
828,09-12-2023,C828,Female,33,Electronics,4,300,1200
829,14-07-2023,C829,Male,61,Beauty,3,30,90
830,22-06-2023,C830,Female,64,Clothing,3,50,150
831,15-01-2023,C831,Male,27,Electronics,4,25,100
832,11-09-2023,C832,Male,47,Beauty,4,500,2000
833,16-06-2023,C833,Male,42,Beauty,4,50,200
834,04-04-2023,C834,Female,56,Beauty,2,30,60
835,07-09-2023,C835,Male,37,Clothing,4,50,200
836,19-04-2023,C836,Female,22,Clothing,1,50,50
837,01-07-2023,C837,Male,18,Beauty,3,30,90
838,13-05-2023,C838,Male,47,Electronics,2,300,600
839,24-06-2023,C839,Female,20,Electronics,4,300,1200
840,24-05-2023,C840,Male,62,Clothing,2,25,50
841,02-11-2023,C841,Male,31,Electronics,4,25,100
842,26-12-2023,C842,Female,47,Clothing,2,300,600
843,22-05-2023,C843,Male,21,Beauty,3,500,1500
844,12-10-2023,C844,Male,35,Clothing,3,50,150
845,06-01-2023,C845,Male,54,Clothing,1,500,500
846,22-09-2023,C846,Male,42,Beauty,1,50,50
847,08-04-2023,C847,Female,18,Electronics,4,300,1200
848,13-02-2023,C848,Female,63,Clothing,3,25,75
849,04-05-2023,C849,Male,32,Clothing,2,25,50
850,28-07-2023,C850,Female,26,Beauty,2,500,1000
851,08-09-2023,C851,Male,32,Electronics,2,25,50
852,12-10-2023,C852,Female,41,Clothing,1,300,300
853,04-05-2023,C853,Male,21,Beauty,2,500,1000
854,20-12-2023,C854,Male,29,Clothing,1,50,50
855,01-09-2023,C855,Male,54,Beauty,1,25,25
856,27-11-2023,C856,Male,54,Electronics,4,30,120
857,31-12-2023,C857,Male,60,Electronics,2,25,50
858,09-09-2023,C858,Male,23,Electronics,2,50,100
859,18-08-2023,C859,Female,56,Electronics,3,500,1500
860,09-01-2023,C860,Male,63,Clothing,4,50,200
861,17-02-2023,C861,Female,41,Clothing,3,30,90
862,31-05-2023,C862,Male,28,Electronics,4,300,1200
863,24-04-2023,C863,Female,30,Electronics,2,25,50
864,27-07-2023,C864,Female,51,Electronics,1,500,500
865,21-12-2023,C865,Female,42,Clothing,1,300,300
866,05-05-2023,C866,Male,24,Electronics,1,50,50
867,06-06-2023,C867,Male,21,Electronics,1,500,500
868,06-12-2023,C868,Female,25,Electronics,1,300,300
869,25-10-2023,C869,Male,37,Beauty,3,500,1500
870,08-07-2023,C870,Female,46,Electronics,4,30,120
871,31-08-2023,C871,Male,62,Beauty,2,30,60
872,11-10-2023,C872,Female,63,Beauty,3,25,75
873,29-09-2023,C873,Female,27,Electronics,4,25,100
874,26-06-2023,C874,Male,60,Beauty,1,30,30
875,06-08-2023,C875,Female,51,Electronics,4,500,2000
876,09-10-2023,C876,Male,43,Clothing,4,30,120
877,19-06-2023,C877,Female,58,Clothing,1,25,25
878,30-06-2023,C878,Female,20,Clothing,1,30,30
879,26-12-2023,C879,Male,23,Clothing,1,30,30
880,21-08-2023,C880,Male,22,Beauty,2,500,1000
881,19-05-2023,C881,Male,22,Electronics,1,300,300
882,06-06-2023,C882,Female,64,Electronics,2,25,50
883,09-05-2023,C883,Male,40,Electronics,1,500,500
884,29-04-2023,C884,Female,26,Clothing,2,30,60
885,03-03-2023,C885,Female,52,Clothing,4,30,120
886,09-04-2023,C886,Male,37,Electronics,3,300,900
887,11-06-2023,C887,Male,59,Clothing,4,25,100
888,03-03-2023,C888,Female,52,Electronics,4,25,100
889,02-10-2023,C889,Female,35,Electronics,1,50,50
890,20-12-2023,C890,Male,34,Electronics,2,25,50
891,05-04-2023,C891,Male,41,Electronics,3,300,900
892,09-04-2023,C892,Male,20,Electronics,1,50,50
893,21-04-2023,C893,Male,49,Electronics,1,50,50
894,05-09-2023,C894,Male,52,Electronics,1,30,30
895,22-05-2023,C895,Female,55,Clothing,4,30,120
896,29-10-2023,C896,Female,30,Electronics,2,25,50
897,26-09-2023,C897,Female,64,Electronics,2,50,100
898,02-11-2023,C898,Female,42,Clothing,3,30,90
899,25-05-2023,C899,Male,26,Clothing,2,300,600
900,21-02-2023,C900,Male,21,Clothing,2,30,60
901,10-04-2023,C901,Male,31,Electronics,1,30,30
902,01-06-2023,C902,Female,54,Beauty,1,50,50
903,27-04-2023,C903,Female,51,Beauty,4,50,200
904,04-07-2023,C904,Male,28,Clothing,1,500,500
905,02-04-2023,C905,Male,58,Beauty,1,300,300
906,04-06-2023,C906,Female,20,Clothing,1,50,50
907,08-01-2023,C907,Female,45,Electronics,1,25,25
908,29-12-2023,C908,Male,46,Beauty,4,300,1200
909,01-10-2023,C909,Male,26,Electronics,1,300,300
910,06-03-2023,C910,Female,20,Beauty,3,50,150
911,21-05-2023,C911,Male,42,Electronics,3,300,900
912,24-01-2023,C912,Male,51,Beauty,3,50,150
913,28-01-2023,C913,Male,29,Electronics,3,30,90
914,11-10-2023,C914,Female,59,Electronics,1,500,500
915,30-05-2023,C915,Female,26,Beauty,3,30,90
916,24-12-2023,C916,Female,32,Electronics,1,50,50
917,06-03-2023,C917,Female,57,Electronics,4,50,200
918,23-11-2023,C918,Female,42,Electronics,3,30,90
919,09-09-2023,C919,Female,22,Beauty,2,25,50
920,22-02-2023,C920,Female,28,Beauty,3,25,75
921,07-01-2023,C921,Male,51,Electronics,3,25,75
922,21-10-2023,C922,Male,41,Electronics,1,50,50
923,26-05-2023,C923,Male,32,Beauty,3,300,900
924,29-08-2023,C924,Male,55,Beauty,2,50,100
925,03-09-2023,C925,Male,25,Electronics,1,300,300
926,14-08-2023,C926,Male,22,Electronics,1,30,30
927,24-06-2023,C927,Male,43,Electronics,4,500,2000
928,05-04-2023,C928,Female,35,Clothing,4,300,1200
929,27-01-2023,C929,Female,23,Beauty,3,25,75
930,10-05-2023,C930,Male,54,Clothing,4,50,200
931,02-09-2023,C931,Male,30,Beauty,4,30,120
932,28-02-2023,C932,Female,45,Beauty,4,25,100
933,03-02-2023,C933,Male,22,Beauty,1,30,30
934,25-07-2023,C934,Male,30,Beauty,1,500,500
935,09-09-2023,C935,Female,34,Beauty,1,50,50
936,07-02-2023,C936,Male,57,Beauty,4,50,200
937,23-10-2023,C937,Female,62,Beauty,1,500,500
938,19-11-2023,C938,Male,49,Clothing,4,50,200
939,18-12-2023,C939,Female,46,Electronics,1,300,300
940,28-01-2023,C940,Female,20,Electronics,1,30,30
941,19-03-2023,C941,Female,57,Clothing,2,25,50
942,18-03-2023,C942,Male,51,Clothing,3,500,1500
943,16-10-2023,C943,Female,57,Clothing,4,300,1200
944,05-06-2023,C944,Male,44,Clothing,2,25,50
945,13-02-2023,C945,Male,30,Beauty,1,25,25
946,08-05-2023,C946,Male,62,Electronics,4,500,2000
947,02-03-2023,C947,Male,50,Beauty,1,300,300
948,13-10-2023,C948,Female,23,Electronics,3,25,75
949,02-08-2023,C949,Female,41,Electronics,2,25,50
950,07-11-2023,C950,Male,36,Clothing,3,300,900
951,02-11-2023,C951,Male,33,Beauty,2,50,100
952,13-11-2023,C952,Female,57,Clothing,1,25,25
953,26-04-2023,C953,Male,45,Beauty,3,30,90
954,25-09-2023,C954,Female,50,Electronics,3,300,900
955,14-07-2023,C955,Male,58,Clothing,1,25,25
956,19-08-2023,C956,Male,30,Clothing,3,500,1500
957,15-08-2023,C957,Female,60,Electronics,4,30,120
958,02-06-2023,C958,Male,62,Electronics,2,25,50
959,29-10-2023,C959,Female,42,Electronics,2,30,60
960,08-08-2023,C960,Male,59,Clothing,2,30,60
961,06-06-2023,C961,Male,53,Beauty,4,50,200
962,19-10-2023,C962,Male,44,Clothing,2,30,60
963,14-11-2023,C963,Female,55,Beauty,1,50,50
964,31-01-2023,C964,Male,24,Clothing,3,300,900
965,09-11-2023,C965,Male,22,Clothing,4,50,200
966,20-02-2023,C966,Male,60,Electronics,2,500,1000
967,17-04-2023,C967,Male,62,Beauty,1,25,25
968,17-11-2023,C968,Female,48,Clothing,3,300,900
969,19-04-2023,C969,Female,40,Clothing,3,300,900
970,16-05-2023,C970,Male,59,Electronics,4,500,2000
971,05-12-2023,C971,Female,27,Electronics,4,50,200
972,11-02-2023,C972,Male,49,Beauty,4,25,100
973,22-03-2023,C973,Male,60,Clothing,1,50,50
974,03-05-2023,C974,Male,47,Beauty,1,30,30
975,30-03-2023,C975,Female,56,Clothing,4,50,200
976,10-10-2023,C976,Female,48,Beauty,2,300,600
977,08-02-2023,C977,Female,35,Electronics,3,25,75
978,22-03-2023,C978,Female,53,Clothing,3,50,150
979,02-01-2023,C979,Female,19,Beauty,1,25,25
980,29-07-2023,C980,Female,31,Electronics,3,25,75
981,19-08-2023,C981,Female,30,Electronics,2,30,60
982,19-12-2023,C982,Female,46,Beauty,3,30,90
983,01-11-2023,C983,Female,29,Clothing,1,300,300
984,29-08-2023,C984,Male,56,Clothing,1,500,500
985,30-05-2023,C985,Female,19,Electronics,2,25,50
986,17-01-2023,C986,Female,49,Clothing,2,500,1000
987,29-04-2023,C987,Female,30,Clothing,3,300,900
988,28-05-2023,C988,Female,63,Clothing,3,25,75
989,28-12-2023,C989,Female,44,Electronics,1,25,25
990,25-05-2023,C990,Female,58,Beauty,2,500,1000
991,26-12-2023,C991,Female,34,Clothing,2,50,100
992,21-08-2023,C992,Female,57,Electronics,2,30,60
993,06-02-2023,C993,Female,48,Electronics,3,50,150
994,18-12-2023,C994,Female,51,Beauty,2,500,1000
995,30-04-2023,C995,Female,41,Clothing,1,30,30
996,16-05-2023,C996,Male,62,Clothing,1,50,50
997,17-11-2023,C997,Male,52,Beauty,3,30,90
998,29-10-2023,C998,Female,23,Beauty,4,25,100
999,05-12-2023,C999,Female,36,Electronics,3,50,150
1000,12-04-2023,C1000,Male,47,Electronics,4,30,120
